{"VERIFICATION_CODE": "Verification Code", "UNABLE_TO_SCAN": "Unable to scan the barcode?", "PLEASE_AUTH_FACTOR": "Please authenticate an additional factor to continue.", "SIGN_IN": "Sign in", "RESTRICTED_MESSAGE": "You are restricted from viewing this page. To reach your account page, click {EXIT_ACCESS} or the {X} at the top right of your screen.", "FB_USER_CONFIRMED_EMAIL_REQ": "FB_USER_CONFIRMED_EMAIL_REQ", "FB_USER_EMAIL_PERMISSION": "You need to grant 'email' permission on your Facebook account to continue.", "EMAIL": "email", "PLEASE_RELOGIN_TO_CONTINUE_NEW": "Please sign in again to continue.", "PIN": "PIN", "CURRENT_PASSWORD": "Current password", "EMAIL_ADDRESS": "Email", "SIGN_IN_TO_ACCOUNT": "Sign in to your account", "EMPTY_REQUIRED_FIELD": "This field is required", "NO_COMMON_PHRASE": "Not include a commonly used phrase", "FB_ACCOUNT": "Facebook account", "CHANGE_PASSWORD_DESC": "For your security, we're not displaying your current password.", "CREATE_ACCOUNT": "Create Account", "CUSTOMER_NUMBER": "Customer number", "YOUR_USERNAME_MUST": "Your username must", "SESSION_EXPIRED_NEW": "Your session has expired, please sign in to continue.", "TROUBLE_SIGNING_IN": "Sorry we're having trouble signing you in.", "SOCIAL_ACCOUNT_ALREADY_LINKED_TO_SHOPPER": "Your {social_app} account id is already linked to another shopper.", "CREATE_PASSWORD_EXPLANATION": "A GoDaddy Password allows you to make changes to the account information on the Login & PIN page as well as a way to sign in directly to your GoDaddy account.", "BEFORE": "before {0}", "NINE_CHARS_LONG": "Be at least 9 characters", "ADD_VERIFICATION": "Add Verification", "APP": "App", "REMEMBER_ME_INFO": "To keep your account secure, we need to revalidate your account.", "AUTHENTICATOR_APP": "Authenticator App:", "VALID_EMAIL_PASS": "Must be a valid email format (e.g., username@coolexample.com)", "RESEND_CODE": "Resend Code", "SAVE": "Save", "BE_FOUR_NUMBERS": "Be exactly 4 numbers", "DELETE": "Delete", "EXPECT_SIX_DIGITS": "This field should be filled with a 6-digit code", "ALTERNATE_STEP_4": "Enter a provided key by following these steps:", "FACTORS_ADDED_LABEL": "Added", "NEW_PASSWORD": "New password", "AUTHENTICATOR_APP_DEFAULT_NAME": "Authenticator {0}", "WRONG_SOCIAL_ACCOUNT": "WRONG_SOCIAL_ACCOUNT", "ADD_FACTOR_SUCCESS": "You've successfully setup 2-Step Verification on your account.", "ON_THIS_PAGE": "On This Page", "YOUR_EMAIL_MUST": "Your email must", "EMAIL_VALID_FORMAT_ERROR": "Email must be in a valid email format (e.g., username@coolexample.com). Please try again.", "ERROR_WRONG_DOMAIN": "The requested url is not available on this domain.", "ALREADY_HAVE_ACCOUNT": "Already have an account?", "HIDE": "Hide", "MULTIFACTOR_CARD_TITLE": "2-Step Verification", "SOCIAL_ENABLE_UNKNOWN_ERROR": "Yikes! Something went wrong during social login set up.", "DEFAULT_FAILURE_STRING": "Yikes! Something went wrong. Please, try again later.", "VERIFY_FACTORS_METHOD": "Verify the method you chose works when we send you a code", "NOT_RECEIVED_CODE": "I did not receive a code", "INCORRECT_CODE": "Incorrect code", "UPDATE_FACTOR_SUCCESS": "You've successfully updated 2-Step Verification on your account.", "CREATE_AN_ACCOUNT": "Create an account", "SOCIAL_LOGIN_ASSOCIATE_NO_EMAIL_GRANTED": "You didn't provide access to your email. Without it, we can't set up social login.", "PROMPT_FACTOR_HBI_ONLY": "High risk transactions only", "ALTERNATE_STEP_4_1": "On the menu screen, press {0}", "ALTERNATE_STEP_4_3": "Enter the secret key:", "ALTERNATE_STEP_4_2": "Enter the email address for your GoDaddy account", "FACTORS_VERIFICATION_LABEL": "Verification", "OOPS_TITLE": "Oops", "ENTER_VERIFICATION_CODE": "Enter the 6-digit verification code", "FACTOR_TYPE_QUESTION": "How do you want to receive codes?", "PLEASE_COMPLETE_2F_AGAIN_TO_CONTINUE": "Please complete 2-step verification again to continue.", "CONFIRM": "Confirm", "INVALID_EMAIL_FORMAT": "Be in a valid email format (e.g., username@coolexample.com). Please try again.", "NEW_USERNAME": "New username", "NOT_CONTAIN_SPECIAL_CHAR": "Not contain special characters", "ACCOUNT_UNAVAILABLE_PLEASE_CALL_SUPPORT": "This account is unavailable, please call support.", "FACTORS_WHEN_LABEL": "When", "AND": "and", "PASS_RECOVERY_INSTRUCTIONS": "We'll only use this to help reset your password. You can change this under <b> Security </b> in your Settings.", "AGREEMENT_TERMS_CREATE_ACCT": "By clicking \"Create Account\", you agree to our", "FACTOR_TYPE_SELECTOR_SMS": "SMS text messages", "NEW_PIN": "New support PIN", "ERROR_404": "The page you requested does not exist.", "FACTORS_PHONE_RECEIVE_METHOD": "Choose a method to receive codes through your phone", "REMOVE": "Remove", "CODE_FIELD_LABEL": "Enter code", "BACKUP_VERIFICATION_TOOLTIP_NEW": "Adding one or more backup verification methods gives you a way in to your account if your default method fails. Backup methods do not add extra steps at verification.", "CONTINUE": "Continue", "INVALID_PASSWORD": "Invalid password", "ACCOUNT_LOCKED": "This account is locked. Please contact Customer Support.", "OR_FORM_SEPARATOR": "or", "ON_YOUR_PHONE": "On Your Phone", "SOCIAL_TROUBLE_SIGNING_IN": "Sorry, we've having trouble signing you in. {info}", "MOBILE_NOT_BEGIN_OR_END_WITH_SPACE": "Not start or end with a space", "USE_BARCODE": "Use a Barcode instead", "DEFAULT": "Default: ", "SMS": "SMS", "ALREADY_HAVE_GD_ACCOUNT": "Already have a GoDaddy account?", "REMEMBER_ME_NEW": "Keep me signed in", "CANCEL": "Cancel", "NO_THX": "No thanks, go to my email", "PHONE_IN_USE": "This phone number is already being used by another factor", "FACTORS_EDIT_LINK": "Edit", "USERNAME_REQUIRED": "Username is required", "RECOVERY_PHONE": "Recovery phone number", "PROMPT_FACTOR_QUESTION": "When would you like to use 2-step verification?", "6_DIGITS": "This field requires 6 digits as input", "HIGH_RISK_TRANSACTIONS_TOOLTIP": "You will only need to verify the code when entering sensitive areas such as Account Settings.", "SOCIAL_CONNECT_ENABLE": "Enable", "SOCIAL_LOGIN_TITLE": "Social Login", "DONT_HAVE_ACCOUNT": "Don't have an account?", "MSG_RATE_NOTICE": "<b> Note: </b> Message and data rates may apply.", "UPDATE_PASSWORD_SUCCESS": "You've successfully updated your password on your account.", "FACEBOOK_NOT_SETUP": "We found your account", "FACTOR_TYPE_SELECTOR_AUTHENTICATOR": "Authenticator App", "CONTAIN_FIVE_CHARS": "Contain at least 5 characters", "BETWEEN_FIVE_FIFTY_CHARS": "Be between 5-50 characters", "CURRENT_PIN": "Current PIN", "YOUR_PIN_MUST": "Your PIN must", "REACT_SOCIAL_TROUBLE_SIGNING_IN": "Sorry, we've having trouble signing you in.", "SOCIAL_LOGIN_ASSOCIATE_ALREADY_ASSOCIATED": "That Facebook account is already associated with a different GoDaddy shopper.", "USERNAME": "Username", "PHONE_NUMBER": "Phone Number", "NOT_SAME_AS_USERNAME": "Your password must not be the same as your username", "INCLUDE_LOWERCASE": "Include a lowercase letter", "LOGIN_INFO": "Login Info", "USERNAME_OR_CUSTOMER_NUMBER": "Username or Customer #", "AUTHENTICATOR_APP_TOOLTIP": "An application downloaded from  your phone's app store such as Google Authenticator.", "FACTOR_ADDED_DATES_STRING_TEMPLATE": "{0} (updated: {1})", "FACTORS_SECURITY_LAYER_MESSAGE": "When you enable 2-Step Verification, you add an extra layer of security to your account. You sign in with something you know (your password) and something you have (a code sent to your phone).", "BACKUP_VERIFICATION": "Backup Verification", "SHOW_PASSWORD": "Show password", "WHY_ADD_BACKUP": "Why add a backup?", "CONTINUE_WITH_FACEBOOK": "Continue with Facebook", "GODADDY_PASSWORD": "GoDaddy Password", "CONTAIN_ONE_LETTER": "Contain at least 1 letter", "RECOVERY_EMAIL": "Recovery email", "PAGE_DOES_NOT_EXIST": "The page you requested does not exist.", "CREATE_PIN_NEW_NEW": "Support PIN", "YOUR_PASSWORD_MUST": "Your password must", "O365_RECOVERY_INSTRUCTIONS": "We'll only use this to help reset your password. You can change this under <b> Account Information </b> in your Dashboard.", "ERROR_MSG_DEFAULT": "Yikes! Something's gone wrong. Please re-enter your information and try again.", "CREATE_ACCT_ERROR_EXPLANATION": "Sorry, your {0} was invalid. Please try again.", "FAILURE": "Authentication failed. You entered an incorrect username or password.", "PRIMARY_EMAIL": "Primary Email", "AUTHENTICATOR_TUTORIAL_STEP_3": "Tap the <b>Add</b> icon or the <b>Begin Setup</b> button.", "AUTHENTICATOR_TUTORIAL_STEP_2": "Open the <b>Authenticator App</b>.", "AUTHENTICATOR_TUTORIAL_STEP_1": "Install an <b>Authenticator App</b> from your phone's store such as the <b>Google Authenticator App</b>.", "PIN_EXPLANATION": "You need this PIN when you contact Support.", "NEW_SUPPORT_PIN": "New Support PIN", "AUTHENTICATOR_TUTORIAL_STEP_6": "Name your authenticator app something easy to remember when you sign in:", "AUTHENTICATOR_TUTORIAL_STEP_5": "Enter the 6-digit code your Authenticator App generated:", "AUTHENTICATOR_TUTORIAL_STEP_4": "Choose <b>Scan a Barcode</b>, and scan using your phone:", "COUNTRY_NAME": "United States", "CONFIRM_PASSWORD": "Confirm password", "TOO_MANY_FAILURES": "Yikes! Too many failures! Account is temporarily blocked. Please, try again later.", "PLEASE_COMPLETE_2F_TO_CONTINUE": "Please complete 2-step verification to continue.", "FACEBOOK_UNVERIFIED_ACCOUNT": "Oops - you must use a verified Facebook account", "EXIT_ACCESS": "Exit access", "PIN_NOT_ALL_SAME": "Not be single, repeated digit", "PIN_UPDATE_SUCCESS": "You've successfully updated your Support PIN on your account.", "HIGH_RISK_TRANSACTIONS": "High Risk Transactions", "FACEBOOK_COLLISION_STR_1": "An existing GoDaddy account uses the same email address. You can sign in to that account or create a new one.", "FACEBOOK_COLLISION_STR_2": "Note: You can Add/Remove Facebook sign-in on the Login & PIN page under your GoDaddy Account Settings.", "CREATE_PASSWORD": "Create a Password for GoDaddy", "INCLUDE_UPPERCASE": "Include an uppercase letter", "SOCIAL_LOGIN_ERROR_NEED_GD_PASSWORD": "You need to set up a GoDaddy password before you can deactivate social login.", "PIN_NOT_SEQUENTIAL": "Use non-sequential digits", "ADD_FACTOR_SUCCESS_NEW": "You've successfully set up 2-Step Verification on your account.", "SECURE_YOUR_ACCOUNT": "Secure your account", "NO_THX_APP": "No thanks, go to my app", "HOW_TO_SETUP_FACTORS": "How to set it up:", "GODADDY_USERNAME": "GoDaddy Username", "RESTRICTED": "Restricted!", "PASSWORD_LAST5": "You can't re-use your last 5 passwords. Please choose a new one.", "ALTERNATE_STEP_4_1_BOLD_STRING": "Enter Provided Key", "USERNAME_AS_RECOVERY_EMAIL": "Cannot use your own email as recovery email.", "HAVE_YOU_FORGOTTEN": "I forgot", "ADD_BACKUP": "Add Backup", "CONFIRM_SOCIAL_REMOVAL": "Click {Confirm} to disable your ability to sign in to your GoDaddy account with Facebook", "BLOCKED_PHONE": "Too many attempts to add this phone number", "EMPTY_PHONE_FIELD": "This field is required", "SOCIAL_EMAIL_ALREADY_LINKED_TO_SHOPPER": "Your Facebook account email address is already linked to another shopper.", "UPDATE_USERNAME_SUCCESS": "You've successfully updated your username for your account.", "BE_UNIQUE": "Be unique", "SHOW": "Show", "PASSWORD_REQUIRED": "Password is required", "TERMS_AND_CONDITIONS": "Terms & Conditions", "SOCIAL_CONNECT_DISABLE": "Disable", "ADD_SMS_TEXT_STEP_ONE": "We will text the code to your mobile phone. Click {0} to opt in (standard carrier charges may apply).", "PROMPT_FACTOR_ALWAYS": "Every Login", "FEEL_BAD_ABOUT_DELETING_IT_MESSAGE": "Having 2-Step Verification enabled adds an extra layer of security to your account.", "NAME_IN_USE": "This name is already being used by another factor", "DELETE_CONFIRMATION": "Are you sure you want to remove the {0} factor {1}?", "PASSWORD": "Password", "CURRENT_USERNAME": "Current username", "REMEMBER_ME_TIP": "Protect your account. Uncheck if using public/shared device.", "YOUR_ACCOUNT_IS_NOT_AUTHORIZED": "Your account is not authorized to access this application.", "PRIVACY_POLICY_LABEL": "Privacy Policy", "PASSWORD_MUST_MATCH": "Passwords do not match", "INVALID_PHONE_NO": "Invalid phone number", "SAVE_AND_CONTINUE": "Save & Continue", "BACKUP_VERIFICATION_TOOLTIP": "Adding multiple verification methods does not add extra steps, but gives you a way into your account if the first method does not work", "ERROR_NOT_SIGNED_IN": "You must sign in to continue.", "NAME_FIELD_LABEL": "App:", "TOO_MANY_FACTOR_ATTEMPTS": "You have entered too many incorrect validation codes.", "SOCIAL_DISASSOCIATE_WRONG_ACCOUNT": "Disable failed - you are signed in to a Facebook account that is not associated with this GoDaddy account.", "MANAGE_SOCIAL_LOGIN": "Manage how you sign in to GoDaddy with your social accounts", "INCLUDE_NUMBER": "Include a number", "BACKUP": "Backup: ", "RESET_PASSWORD_BTN": "Reset Password", "CANNOT_CONTAIN_SPACE": "Not contain a space", "PLEASE_SIGN_IN_NEW": "Please sign in to access your account.", "CAPTCHA": "Security challenge", "CAPTCHA_REFRESH_BTN_ALT": "Refresh CAPTCHA", "CAPTCHA_AUDIO_BTN_ALT": "Play CAPTCHA audio", "CAPTCHA_CODE_FIELD_DESC": "Edit CAPTCHA field", "EXTRA_GERMAN_TERMS_AND_CONDITIONS": "We will inform you regularly about our products, services as well as special events by e-mail. You can log out of this service at any time via the preference menu.", "CUSTOMER": "Customer", "SUBMIT": "Submit", "HAVING_TROUBLE": "Having trouble? Contact your administrator.", "PASSWORD_RESET_PROMPT": "How do you want to reset your password?", "GET_EMAIL": "Get an email", "GET_TEXT": "Get a text", "EMAIL_ADMIN": "Email your administrator", "SEND_RECOVERY_EMAIL": "We'll send a link to {0}", "SEND_RECOVERY_TEXT": "We'll text a code to {0}", "SEND_RECOVERY_TO_ADMIN": "We'll send a link to your account administrator", "SENT_RECOVERY_EMAIL": "We emailed a password reset link to {0}. Please follow the instructions in that email.", "SENT_RECOVERY_TEXT": "We sent a text to {0}. Please enter the 6-digit code provided.", "SENT_RECOVERY_ADMIN": "We sent your password reset request to your account administrator.", "RECOVERY_ADMIN_NEXT": "When your account administrator resets your password, you'll receive an email with next steps.", "RECOVERY_TRIES_EXCEEDED": "You\u2019ve exceeded your 10 allowed password resets. Please wait 24 hours before trying again.", "NO_CODE": "No code?", "DIDNT_RECEIVE_CODE": "Didn't receive the code?", "DIDNT_RECEIVE_CODE_SUBTITLE": "No worries, it can happen. Let's try again.", "VERIFY": "Verify", "BACK": "Back", "EXPIRED_LINK": "Expired Link", "EXPIRED_CLICK_TO_RESEND_EMAIL": "The link you clicked has expired. Please press Send New Link below to send a new link to your email address.", "EXPIRED_ENTER_EMAIL": "The link you clicked has expired. Please enter your email address to send a new link.", "PASSWORD_RESET_SUCCESS": "Your password has been successfully updated.", "SIGN_IN_NEW_PASSWORD": "Return to the sign in page to use your new password.", "SEND_NEW_LINK": "Send New Link", "RESELLER_ACCESS_TITLE": "{0} access", "GRANT_RESELLER_LABEL": "Grant {0}:", "NO_ACCESS_LABEL": "No access", "NO_ACCESS_DESCRIPTION": "Cannot make changes to your account.", "LIMITED_ACCESS_LABEL": "Limited access", "LIMITED_ACCESS_DESCRIPTION": "Can set up and manage products.", "FULL_ACCESS_LABEL": "Full access", "FULL_ACCESS_DESCRIPTION": "Can set up, manage, and purchase products and upgrades using payment methods stored in the profile.", "REVOKE_ACCESS_LABEL": "Revoke access", "COMPLETE_SETUP": "Complete your setup", "PASS_ACCOUNT_SECURITY_EXPLANATION": "We can reset your password by sending a link to your email or a code to your phone. We'll only use this information for your account's security.", "FACTOR_HOLD_2F_ERROR_MSG": "For your security, we've disabled your 2-step verification editing due to recent deactivation. We'll remove this lock on {timestamp}, or you can contact support at {support_phone}.", "CAPS_LOCK_DETECTED": "Warning: Caps Lock is on", "SIGN_IN_TO": "Sign in to {0}", "HEG_WRONG_SIGN_IN": "Not going to {0}? Try signing in from the homepage or from", "HERE": "here", "RESELLER_AUTH_FAILED": "Incorrect username or password. If you're having trouble, try the homepage's sign in link.", "RESELLER_KNOWN_BRAND_HELP_STATEMENT": "Having trouble? Try signing in from the homepage or from", "RESELLER_UNKNOWN_BRAND_HELP_STATEMENT": "Having trouble? Try signing in from the homepage."}